{
  "Malmö": {
    "dx": 1.0338737576459422,
    "dy": -0.21161944940689636
  },
  "Kopenhaga": {
    "dx": 1.825683681935688,
    "dy": 0.6846934513736258
  },
  "Tuluza": {
    "dx": -0.9247247968539126,
    "dy": -0.206226492476155
  },
  "Andora": {
    "dx": -0.9884996752061683,
    "dy": -0.29257858619020993
  },
  "Barcelona": {
    "dx": -1.8707422315697735,
    "dy": -0.20575721226813215
  },
  "Napoli": {
    "dx": 0.9837252710592335,
    "dy": -0.23499972156297133
  },
  "Oslo": {
    "dx": 0.6811023926183051,
    "dy": -0.2110295324595839
  },
  "Bergen": {
    "dx": -0.9206290698656039,
    "dy": -0.14195920048229027
  },
  "Split": {
    "dx": -0.9659162291914463,
    "dy": -0.22545050722644788
  },
  "Mostar": {
    "dx": 1.1360506042023282,
    "dy": -0.08347797816820446
  },
  "Dubrovnik": {
    "dx": 1.3140213271236796,
    "dy": -0.3375435483825058
  },
  "Warszawa": {
    "dx": 1.4142196937868938,
    "dy": -0.2811670191391258
  },
  "Zagrzeb": {
    "dx": 1.0810390947549937,
    "dy": -0.11426448242592357
  },
  "Ateny": {
    "dx": -1.086919146862499,
    "dy": -0.20500528676424068
  },
  "Kijów": {
    "dx": 0.0,
    "dy": 0.12453042599999975
  },
  "Mińsk": {
    "dx": 0.0,
    "dy": 0.12453042599999975
  },
  "Wilno": {
    "dx": 0.0,
    "dy": 0.12453042599999975
  },
  "Sztokholm": {
    "dx": -1.299099021364846,
    "dy": -0.25990827269286143
  },
  "Gdańsk": {
    "dx": -1.2425570172713059,
    "dy": -0.26264677138873793
  },
  "Katowice": {
    "dx": -1.5930121420451187,
    "dy": -0.24434851884810627
  },
  "Mediolan": {
    "dx": -0.07178850386001123,
    "dy": 0.5832924290994086
  },
  "Wiedeń": {
    "dx": 0.0,
    "dy": 0.3020774080000024
  },
  "Monaco": {
    "dx": -0.33051969417674965,
    "dy": 0.4175126627369252
  },
  "San Sebastian": {
    "dx": 0.0,
    "dy": 0.3020774080000024
  },
  "Lizbon": {
    "dx": 0.0,
    "dy": 0.3020774080000024
  },
  "Gliwice": {
    "dx": -3.547257730004329,
    "dy": 0.5394170772494675
  },
  "Chałupy﻿": {
    "dx": 3.890743579493762,
    "dy": 1.444384643809009
  },
  "Zanzibar": {
    "dx": -5.188400624402902,
    "dy": -0.023120607247541614
  },
  "Tajlandia": {
    "dx": -6.032406728707429,
    "dy": -1.0787713859702865
  },
  "Mykonos": {
    "dx": -4.9313607296644015,
    "dy": -0.4462835513615886
  },
  "Paryż﻿": {
    "dx": -3.8216328502518557,
    "dy": -0.9333625625027508
  },
  "Stambuł﻿": {
    "dx": 4.43444208452836,
    "dy": -1.0704335712064577
  },
  "Malediwy": {
    "dx": -6.171800283254825,
    "dy": -1.551914149903372
  },
  "Santorini": {
    "dx": -5.557097492848243,
    "dy": -2.1243194514543973
  },
  "Rzym﻿": {
    "dx": -1.7510434668793415,
    "dy": -2.815900489873613
  },
  "Canazei": {
    "dx": 0.0,
    "dy": 1.0026927259999994
  },
  "Chorwacja﻿": {
    "dx": 0.0,
    "dy": 1.0026927259999994
  },
  "Wiedeń﻿": {
    "dx": 0.0,
    "dy": 1.0026927259999994
  },
  "Schladming": {
    "dx": 0.0,
    "dy": 1.0026927259999994
  },
  "Budapeszt﻿": {
    "dx": 0.0,
    "dy": 1.0026927259999994
  },
  "Phuket": {
    "dx": 0.0,
    "dy": 1.0026927259999994
  },
  "Ko Phi phi": {
    "dx": 0.0,
    "dy": 1.0026927259999994
  },
  "Khao Phing Kan": {
    "dx": 0.0,
    "dy": 1.0026927259999994
  },
  "Similan Islands": {
    "dx": 0.0,
    "dy": 1.0026927259999994
  },
  "Ko Yao": {
    "dx": 0.0,
    "dy": 1.0026927259999994
  },
  "Praga﻿": {
    "dx": 0.0,
    "dy": 1.0026927259999994
  },
  "Nikozja": {
    "dx": -0.15218753717442013,
    "dy": -0.02498362352505268
  },
  "Larnaka": {
    "dx": -0.15378871661136628,
    "dy": -0.030359283895322164
  },
  "Ajia Napa": {
    "dx": 0.03126552033889851,
    "dy": 0.06571236749502418
  },
  "Cavo Greco": {
    "dx": 0.17640625566003365,
    "dy": -0.03574378953717172
  },
  "Girne": {
    "dx": 0.1211438294517393,
    "dy": -0.0218366648178403
  }
}