{
  "Malmö": {
    "dx": 1.7851719046750851,
    "dy": -0.6271754337937807
  },
  "Kopenhaga": {
    "dx": 1.9651499127962797,
    "dy": 0.2522259538375451
  },
  "Tuluza": {
    "dx": -1.3756240741241117,
    "dy": -0.08943334201708097
  },
  "Andora": {
    "dx": -1.4391898516859947,
    "dy": -0.23059627022916374
  },
  "Barcelona": {
    "dx": -1.7055541777782182,
    "dy": -0.28883427061786193
  },
  "Napoli": {
    "dx": 1.254963445204515,
    "dy": -0.597965374170947
  },
  "Oslo": {
    "dx": 0.6811023926183051,
    "dy": -0.2110295324595839
  },
  "Bergen": {
    "dx": -0.9206290698656039,
    "dy": -0.14195920048229027
  },
  "Split": {
    "dx": -0.9659162291914463,
    "dy": -0.22545050722644788
  },
  "Mostar": {
    "dx": 1.3974876272911771,
    "dy": -0.11352138801824907
  },
  "Dubrovnik": {
    "dx": 1.7837288771884872,
    "dy": -0.7413430947645594
  },
  "Warszawa": {
    "dx": 1.4142196937868938,
    "dy": -0.2811670191391258
  },
  "Zagrzeb": {
    "dx": 1.0810390947549937,
    "dy": -0.11426448242592357
  },
  "Ateny": {
    "dx": -1.086919146862499,
    "dy": -0.20500528676424068
  },
  "Kijów": {
    "dx": 0.0,
    "dy": 0.12453042599999975
  },
  "Mińsk": {
    "dx": 0.0,
    "dy": 0.12453042599999975
  },
  "Wilno": {
    "dx": 0.0,
    "dy": 0.12453042599999975
  },
  "Sztokholm": {
    "dx": -1.299099021364846,
    "dy": -0.25990827269286143
  },
  "Gdańsk": {
    "dx": -1.2425570172713059,
    "dy": -0.26264677138873793
  },
  "Katowice": {
    "dx": -1.5930121420451187,
    "dy": -0.24434851884810627
  },
  "Mediolan": {
    "dx": -2.1591343280282356,
    "dy": -0.31560705423724755
  },
  "Wiedeń": {
    "dx": 0.0,
    "dy": 0.3020774080000024
  },
  "Monaco": {
    "dx": -0.33051969417674965,
    "dy": 0.4175126627369252
  },
  "San Sebastian": {
    "dx": -1.5630620013602787,
    "dy": 0.5894932174752725
  },
  "Lizbon": {
    "dx": 0.0,
    "dy": 0.3020774080000024
  },
  "Gliwice": {
    "dx": 1.592539480661845,
    "dy": -0.5293495856211976
  },
  "Chałupy﻿": {
    "dx": 3.890743579493762,
    "dy": 1.444384643809009
  },
  "Zanzibar": {
    "dx": -5.188400624402902,
    "dy": -0.023120607247541614
  },
  "Tajlandia": {
    "dx": -6.032406728707429,
    "dy": -1.0787713859702865
  },
  "Mykonos": {
    "dx": -4.9313607296644015,
    "dy": -0.4462835513615886
  },
  "Paryż﻿": {
    "dx": -3.8216328502518557,
    "dy": -0.9333625625027508
  },
  "Stambuł﻿": {
    "dx": 4.43444208452836,
    "dy": -1.0704335712064577
  },
  "Malediwy": {
    "dx": -6.171800283254825,
    "dy": -1.551914149903372
  },
  "Santorini": {
    "dx": -5.557097492848243,
    "dy": -2.1243194514543973
  },
  "Rzym﻿": {
    "dx": -1.7510434668793415,
    "dy": -2.815900489873613
  },
  "Canazei": {
    "dx": 0.0,
    "dy": 1.0026927259999994
  },
  "Chorwacja﻿": {
    "dx": 0.0,
    "dy": 1.0026927259999994
  },
  "Wiedeń﻿": {
    "dx": 0.0,
    "dy": 1.0026927259999994
  },
  "Schladming": {
    "dx": 0.0,
    "dy": 1.0026927259999994
  },
  "Budapeszt﻿": {
    "dx": 0.0,
    "dy": 1.0026927259999994
  },
  "Phuket": {
    "dx": 0.0,
    "dy": 1.0026927259999994
  },
  "Ko Phi phi": {
    "dx": 0.0,
    "dy": 1.0026927259999994
  },
  "Khao Phing Kan": {
    "dx": 0.0,
    "dy": 1.0026927259999994
  },
  "Similan Islands": {
    "dx": 0.0,
    "dy": 1.0026927259999994
  },
  "Ko Yao": {
    "dx": 0.0,
    "dy": 1.0026927259999994
  },
  "Praga﻿": {
    "dx": 0.0,
    "dy": 1.0026927259999994
  },
  "Nikozja": {
    "dx": -0.15218753717442013,
    "dy": -0.02498362352505268
  },
  "Larnaka": {
    "dx": -0.15378871661136628,
    "dy": -0.030359283895322164
  },
  "Ajia Napa": {
    "dx": 0.03126552033889851,
    "dy": 0.06571236749502418
  },
  "Cavo Greco": {
    "dx": 0.17640625566003365,
    "dy": -0.03574378953717172
  },
  "Girne": {
    "dx": 0.1211438294517393,
    "dy": -0.0218366648178403
  },
  "Warsaw": {
    "dx": -0.025003261838609347,
    "dy": 0.5665115321950509
  },
  "Tavernola Bergamasca": {
    "dx": 0.1719427387999204,
    "dy": -3.6995386633820004
  },
  "Carcassonne": {
    "dx": -0.17762205375876716,
    "dy": -2.1320987183817763
  },
  "Gijón": {
    "dx": 0.0,
    "dy": 0.3020774080000024
  },
  "A Coruña": {
    "dx": 0.023762344967739324,
    "dy": 0.6375134321373181
  },
  "Vigo": {
    "dx": 0.0,
    "dy": 0.3020774080000024
  },
  "Porto": {
    "dx": -1.7370224771812524,
    "dy": -0.19412409943726772
  },
  "Lizbona": {
    "dx": -1.5868678293640794,
    "dy": -0.39022832435229304
  },
  "Dax": {
    "dx": 0.0,
    "dy": 0.3020774080000024
  },
  "Strasburg": {
    "dx": 2.1606764525239663,
    "dy": -0.30359331099941755
  },
  "Riva del garda": {
    "dx": 2.4539065348324414,
    "dy": -0.9564941665130249
  },
  "Monako": {
    "dx": 2.112236941230802,
    "dy": -0.5212797069308976
  },
  "Cannes": {
    "dx": -1.6841462328168904,
    "dy": -0.28474493890944075
  },
  "Saint Tropez": {
    "dx": 1.3566395633017185,
    "dy": -1.2062637040958393
  }
}